{
  "target" : [
    8,
    8,
    8
  ],
  "NearClipPlane" : 0.10000000149011612,
  "fovRad" : 1,
  "up" : [
    0,
    0.99999994039535522,
    -0
  ],
  "Aspect" : 1.6000000238418579,
  "position" : [
    -16,
    8,
    -16
  ]
}